bidder_id,payment_account,address,outcome
ea5948061b2059bcbd900d3ae7e86e428ae8g,cee2b2bb0c91cac4cf7c3d0a7f6f0dddt2lku,a3d2de7675556553a5f08e4c88d2c228n7xkp,0.0
6ed7b95dcea7b359248e9efce91cbb11lm7hf,b99d8ade6b54244634c184837e71a0c2zb0xg,3df736ae35c2d07da1f522484c0e68c2yi8x1,0.0
b1bc9ff2b98df742affda07c5977c7345dpm5,8d6440f57adbd2563c102f4226c0e014b2wzs,dbc5678b0387bff64d5df269b116806cx8uh8,0.0
56cfe8b0d574e1df3f823c2cf32226eff52uw,a3d2de7675556553a5f08e4c88d2c2283qq7l,bc94c8f4b1df26180566a8b5612d868e7gpwg,0.0
3d94b376bae8dd60eea48ded36134a3962glw,a3d2de7675556553a5f08e4c88d2c228vswfg,a79c0f5caf9727c13b5f1b9df6fc072eg5j2y,0.0
67083f257438b1b79cb09cfa601890855of77,a3d2de7675556553a5f08e4c88d2c2289m94y,3266da57b8c5c3b9d6696cb4f1a30e91h2ch3,0.0
ead2ec4563ba25a9e9d417f1964b7504teqtp,9c7c7260682899c52cb1a5d7ad9d320a5jvhu,92b37d116aca08785f0dd23239ae3f13h9b0v,0.0
5948bcd0f773286ff7d5cde332c7ae6918jt6,a3d2de7675556553a5f08e4c88d2c228wj3cj,ca8d4b018cb62966eebb2974f5a83b4foc212,0.0
200b548999702c10f8f9fdbae9ce60622owzv,24bd9770ce1ad04d150e85a137dabc8fagk5j,8e6a025ecdb52ee6c3a7896292c4b742ogceq,0.0
786fd201d9c952bc3453d4b3a6fa64046d8wb,a3d2de7675556553a5f08e4c88d2c228fhzkz,678425060d35aeafd284f5120fb00907pnbpc,0.0
9e72fb21f7581cfff84e833d02538e5ar35kr,a1ff961807810b9ea1df54d2806cc7dd131y7,a3d2de7675556553a5f08e4c88d2c228slviy,0.0
e5f43783127506211df8c6290c2ecadbyr779,a3d2de7675556553a5f08e4c88d2c228r4h2p,d7ade8789b2697b823e6fa9b225a5c7am8ng8,0.0
9434778d2268f1fa2a8ede48c0cd05c097zey,ee3295c7b31a1e9116ebf0cf2df68ed1ac8ts,627fe7481f01372c02333477471cb237qt2vf,1.0
e22528ef6a439aff5a8b19f8c9b07c19fyzs6,05af8716f7418921fe26d1b61a854b1b4uqze,7e09c8545d0e73add60b2e440b0014ed11tnp,0.0
65d3cc1725c4506fe02be3e2b24435bbbd6qf,a3d2de7675556553a5f08e4c88d2c228nsrlf,a3d2de7675556553a5f08e4c88d2c228dtdhm,0.0
33189c09ca7067834fd25a54920f82d4nd7a4,a3d2de7675556553a5f08e4c88d2c228ppzkd,4d90f2e709f1fc0810e5aef472dd3935ehy1w,1.0
cf22da37578048d2e51eca1e544c693cke5t3,a3d2de7675556553a5f08e4c88d2c2281e0sc,e8ece5195e6ca5f2cbf05c3fc08a3a1ebwdwr,0.0
28aa6c505e308e49e586e25e1897ed2axjiy0,d9c86d77765b139f43c8c7b4ad3ae15890gsb,aad282f6d61793bf72ef14f3c3bc6c3e5jyq9,0.0
4679df74080bc22e29676bddc5bcbf51gsyds,a3d2de7675556553a5f08e4c88d2c22857cfo,ad949d5d7c073eef6a22aeee3178a5d454umf,0.0
a6e261c09ae8aa7d0a47ffeb0110aa519jowa,a3d2de7675556553a5f08e4c88d2c228o5xqr,2a96c3ce94b3be921e0296097b88b56a0jpps,0.0
15972a431aed117840dfce5556242366c3fwq,4b5c8f52a678e51ebe0ee3fc26da66902e2l7,865e5987e0c8fc7f6301b5571d688d13pu5j1,1.0
055282b75717345ba6f53d40e9e6d6c56qrzp,a3d2de7675556553a5f08e4c88d2c228eylja,a3d2de7675556553a5f08e4c88d2c228harfx,0.0
b9080651d16e3d6d2d83e1c5debb55b0qpwbv,5bd6d1f97bf86a1a0554b2c12c098312tfiru,74a81717fc4841eb5d32155785766cb7aro1q,0.0
d9177cca9a1bfe3478cc4f11a0d57de2p8ahp,a3d2de7675556553a5f08e4c88d2c228oggrt,5cd3ac90b6c7c8f41e527a938db8492c35gx8,0.0
7f603f668968facebb0567015ad4c201kikrh,a3d2de7675556553a5f08e4c88d2c228e5jvk,a3d2de7675556553a5f08e4c88d2c228x6h0g,0.0
245b584befa6a5b8c759491f5f3db580p2m5v,a3d2de7675556553a5f08e4c88d2c2287emi6,0f2352b1972bc44b422ca49f0dd46340nlf0v,0.0
6533b670e02ccf583288ba7c8f5fb1carmirt,a3d2de7675556553a5f08e4c88d2c228ez38y,2b8c68d284bc64149c18ac2ba55ff0c9gqlzl,1.0
e561facfea467ea124df0111e041287ctvgwn,a3d2de7675556553a5f08e4c88d2c228nmy78,a3d2de7675556553a5f08e4c88d2c228s0tok,0.0
481db1a88023d22b3533044bff5239dbf3cda,a3d2de7675556553a5f08e4c88d2c228r3iol,1e159dbf2ffae85a4ef82d1bf3342cd0pha41,0.0
791031a63c9e2b4835caa9a4cc1768baias2l,a3d2de7675556553a5f08e4c88d2c228rg3h6,8500a4921ab7175c36865779f13ecbe2h1xa8,0.0
10b431aa15b56084d32fe1ef123c4305wo1nl,a3d2de7675556553a5f08e4c88d2c228jgdqx,a3d2de7675556553a5f08e4c88d2c228puvn4,0.0
11d7f0a5076649b229c301a22537834e1ehwg,c9ef8f9c82a24602bca4f1fc4e69fd61j21z7,3a0b8057e5a900d872232c62a7f4c120exqst,0.0
585b938fd44968d0d59fcac453cfb3b8p8nti,92efe16aeb4d8c9e1e9d1f201309d4a7fbeam,b32ab94094c35e7422d1c1fc6c81ac9f5888m,0.0
9c0cbc0fd8a6c22ae3648801ade080fek6i13,5fb43ea53de1ae46ab14c5134927a4cbc4duc,274e375e8adac94862dd0ec2ffcead78cre6j,0.0
ee052a24cd3164af9d08fe77bd6b79dfrbelk,a3d2de7675556553a5f08e4c88d2c228l0xe4,794abfcfc9a51569c6415a61a319b352bvzbt,0.0
d63671871e4010e904b9419e48781565weafn,a3d2de7675556553a5f08e4c88d2c228jdefo,dba50b6ed22505cfa1afa562abed96ddfatpx,0.0
55d0b2506cef6464d799879b65c6ba29hjcv3,a3d2de7675556553a5f08e4c88d2c228ccbi6,a3d2de7675556553a5f08e4c88d2c228sjv6f,0.0
20662832566daffac929f803f0c236eaperht,a3d2de7675556553a5f08e4c88d2c228k2j3b,a3a575831db298d2254a76141778115d29cp8,0.0
9ab3bca29dbc32070cd7f729ea55639a350tu,a3d2de7675556553a5f08e4c88d2c228l7160,6640b1f8c2524b65d6794cb96a8fecca7odki,0.0
1c66f261724506bee45dd18a4d221bfeh1687,523d65cdf95ef4c3d5f67658a3d1b23fbgkvb,b4fc5c0048ec622f68aeb16b45a659bfgqxjn,0.0
8b809e18804865ff2a2e799c9a5e8a48mtxdh,2287dc2527c218d49f0ce50f1064a9526t78i,e9ac7750d73a796460f96b096b29725fkjli3,0.0
17c87408ee1009887112745797caeb7fwvqfc,a3d2de7675556553a5f08e4c88d2c228bqcc4,b9b03d5a127eb07aeb9163cdcf524e13q1ofj,0.0
42c407eb70ddacdcd59d63f22caaafc4fa0p2,534d572dcc751022993edf4199ee5f1e0ugo2,949a129cef19b54fe7d061f8cacbdb39vy6z8,1.0
3d7cff3dedd8a8e02dbc551c6a61da3bibbvh,8afafc0824f86e8af8017e037396311cqqxtb,5e0db345d781856edfdd20895e7e190dq6zs1,1.0
c8f537f6bb0aa2d45da541a875f014358qm7p,a3d2de7675556553a5f08e4c88d2c228avrrr,ca8d4b018cb62966eebb2974f5a83b4flnsno,1.0
35b111da8e919bb34e80511be9cbd128pjjdm,f315b8b80bf64b3aacc8c12136a1e47fy5evy,8fc65ad0d7c97df5ba4de32fcd39f5155gj9n,0.0
7b93ccc9d5730b561ec5fa7f4bd48c04qudf1,a3d2de7675556553a5f08e4c88d2c2283l3tf,68063bce62bc771b42bfd1ff54aa58e5167oa,0.0
88103add66b7113729a9ca82540684c9il94h,60ee2c42c91d2ae262a5f37e111f91dab3bg0,9c799e345c0afe31a525f1f620740ee119tbb,0.0
2cc1c5bf18c858fd9c74901d8d80ab70ak8e0,a3d2de7675556553a5f08e4c88d2c2282jp02,dc465fb916d7cab3c086ebbcdcc1ed134vgrz,1.0
a94c16f8a98e493e2b4390b1975e690dv8cmu,a3d2de7675556553a5f08e4c88d2c228su0lz,a3d2de7675556553a5f08e4c88d2c228xjsco,0.0
91c749114e26abdb9a4536169f9b4580huern,a3d2de7675556553a5f08e4c88d2c228tekzv,2cffbc8171f2ef4b5cafe94f038c877bcert5,1.0
72dd0e4788d25f62cc2ba942bb9499dc7quqj,a3d2de7675556553a5f08e4c88d2c228jdte9,c6a1c9967d64e7f99ee545c2a5467960120bq,0.0
c6f07c222aa3a9d35b0e01f8959ffd21oownr,a3d2de7675556553a5f08e4c88d2c228tvbc2,fa95a0b6fc6118aeaad6842ffaa57d56x6hn2,0.0
4c2699de8bc9516b09c5e5c8bae6d6c6xiry9,323a6be18d0d4adb0353040403acca12j5asz,a3d2de7675556553a5f08e4c88d2c2286sq2i,0.0
9be39ea5a0612fae7bc43a25a6d10856l3qaj,a3d2de7675556553a5f08e4c88d2c228oq1gq,32f40c403a729587fdafe96cef89a9750qz5a,1.0
85371e59ea43c33c7e481ba3c214e893ail7f,a3d2de7675556553a5f08e4c88d2c228siylf,58a5341265e17fac0af5336a5eed3056lbwlb,0.0
2b72d702b44fd7dd58062e326fd8e4779j8mp,8be59cc656d302f7089fbc43411b8af682iho,138e0e3b6eee9acaf0bfdddc1d56a239c2r7m,0.0
45927dd51fb4301c459ab96d48f64752q0o9e,3e9073fb9219ceb4a1dc9dbb9e1acbe9pd8gg,2367520c8d94e70f47f4e28e72004ef98pvfw,0.0
05c6b93bf8f083b2d0a03ffc0fc3524ba8fi5,68f571596b95e53cdf4b2f1a70b2167f2tw1n,f226a9194aee33533f1897f7df913c6ftdrh0,0.0
6f46b3e231003daf21108df4624afcfdaaswv,7925026706240357ae001baf5634d263orhpb,a3d2de7675556553a5f08e4c88d2c228rd586,0.0
72994bece8c918a2c4c432b98780a7bdsctwr,580f29f49128f457d8a60b2c75a0a0bdbe3pl,b5b60d719a8b517f73ae0fe788682f81ehn9n,0.0
061690ceb6004807b7906968bf382dfcbve7y,a3d2de7675556553a5f08e4c88d2c2288o042,a3d2de7675556553a5f08e4c88d2c228mmua8,1.0
1bbfbd968c065ff5dabeffe311bc3ddeezbof,ab52ec1d362c6c02c8bfc3dd18b072c7ot29g,958cc358621fe6fa55c267d54c43d42c3j0tz,0.0
666e1e141862a646afaa2b71fc7d2c25r1b4h,7b37213a56c74d0869364536f884c423b2u28,d6ece8ba02dd326d0d957ab351c13f801j3lw,0.0
f18d2ebbd5e48ef4f1ee412339d6ed7adr9qi,4e3a4f8ef63f474d32d08d7d619416a0vxlsa,c22690f723fc03d7ac14ebd00541b2a4ey5d3,0.0
ae6758a627a111f6d6b530b0154c429566o4k,7d5b54f56c8c20b69def03d917574ad6qpim4,6d82a9e4d2ca2cfff002460b074b546cosadk,1.0
dc752fa41d974bf688d25ea9d18e9a2eit904,a3d2de7675556553a5f08e4c88d2c228psm28,8e7d6ddf7f334678f7b6a25c217f096dlortp,0.0
74866aaa89db79f25dc0fae8be067b83xlbm6,a3d2de7675556553a5f08e4c88d2c228ww56s,a3d2de7675556553a5f08e4c88d2c228v0mbb,0.0
fb5a19240e36ae12aaccc1e9d9231144l32hv,a3d2de7675556553a5f08e4c88d2c228twfog,138e0e3b6eee9acaf0bfdddc1d56a239mp0fl,0.0
651402deb28af3e3d1ab9a6b88314b591uuaz,e15a93a6fbf5b39bdbae2ae23722a047il41z,0f5ea3106685578fb1e1c46aad9300f56xtm4,0.0
28c9a5ea8aae9fb4f6a755f94cd922361v9ow,a3d2de7675556553a5f08e4c88d2c2284ef9d,a3d2de7675556553a5f08e4c88d2c228ibr9l,0.0
c8d972b803b46212369cf1b480328dcehb9jl,8adcc2544088e2f31876eb7e9ab345ebw6544,aa497a035e67fdde98e547c22102646d4gcxm,0.0
22401c4dc0cb1e5d52da01ebb8b2839cdoauo,879cbc6f6e7dc70ca526d5e9726a253bew558,18efe9aa2a264f71020ed46242cab51346zcs,0.0
44c75302aa4404e23781f8337cddf6ed5tqun,a3d2de7675556553a5f08e4c88d2c228sbwl2,a3d2de7675556553a5f08e4c88d2c228q87f5,0.0
ca0c049b8c37c99ef93b6086e9947135onppq,a3d2de7675556553a5f08e4c88d2c228mz6wm,a3d2de7675556553a5f08e4c88d2c228z7jop,0.0
fbca8e44d824faa1fa6b99325758ff19vi94a,ed862e36d25a031d6ea06df0cdfaafa5cf1mr,1bb3e0e5e9742e6fb98f1757bfebac2976vum,0.0
5d02346d70f11cd61d9fb955846ee9bdp5o6k,a3d2de7675556553a5f08e4c88d2c2285oggh,9ab9c7049e47baa3958f4c30b3410ae33f9j7,0.0
060ac64ff78ae62e9bc697192cebea333760p,d7a69a3308ae300a133dc62dc9189504u6vt0,9c584eb89824bca6f66b93b30db19849f462o,1.0
b8e47f06aef714b37073e72ac40a8100mew9c,d273a78626668fd7ecd19a3741108d4eyew6m,b5b02feac49f61505bcdfceea75d87b3sbpwi,0.0
7fab82fa5eaea6a44eb743bc4bf356b3tarle,6df06b66c0600f52e7f329d705df788e8vmdd,1a3abce206a20020186d49f835cacfe9gy90h,1.0
27809fd62bebc89be450f9dcbdd25ed8il6z2,3d07d464b59b8a41ab9aca282bf615d8dwp9w,e57361b8cf657796eaa6989d8ef05d7euwt5g,0.0
b191c73f160bb9320dd3715bc3ffed26ymluh,a3d2de7675556553a5f08e4c88d2c228fxq6e,d2470f9632634d3b12791580c0cd6ecfobq2a,0.0
238808859d7752579a415e89a395500fh2o65,a3d2de7675556553a5f08e4c88d2c228evk1f,4fd51de375605e5dca2dc94413a72c4dod9gq,1.0
eebfd257525e52b67969ae9d8760afff12j3d,c9274731b884ef7495041d62d4ec512ep4kwf,9170f817b8a63bea607fdc7769037cf8za04w,0.0
45cfe8744884eb207048e3cbee31ec56hd9lm,a3d2de7675556553a5f08e4c88d2c2288uy6e,6a3908bbb5cd298d25521099465a623byh1qr,0.0
f876e3be4038da62f49234ee498feb732gdcl,a3d2de7675556553a5f08e4c88d2c228c5gxz,a3d2de7675556553a5f08e4c88d2c228e96n5,0.0
f35082c6d72f1f1be3dd23f949db1f577t6wd,a3d2de7675556553a5f08e4c88d2c228ca3ms,52aaef935c2b3aed6f3ae77bb2bc3513so5h1,1.0
c18cfb38fe1c4c01705391422177265cn9w5x,a3d2de7675556553a5f08e4c88d2c228m9wt5,6159c2bf41a72d0a9ef67c298077109alnzpm,0.0
e0e5719b5d763eb4e04c7f6e4e32884cmlpj7,50dd5f59a45fcec00cfaf3d281db46c3of9my,a42865c7be34e6a5541182eee2363e3dolqpi,0.0
e3ea1d5464543a1ef3a9b60394fc4ab6i1jk3,32fdadee08a7d8c7496622e02ee2a827khls7,a3d2de7675556553a5f08e4c88d2c2281j4ix,0.0
bd0071b98d9479130e5c053a244fe6f1muj8h,124fa309fce08269cce18a84a4588729fjf18,dee44a87c5db48c9f6ca23e37d6f61074typq,1.0
ea57e35acda9a8f8b75f4d9bc049f74d7qx3t,dc4f8513312c97fa2afc989c953c63a6t5hv3,7eb1e52fd11a98f9fcf4dbae2855c70596bzz,0.0
eaac863aaf84acb7529462118e7953c3oeky6,a3d2de7675556553a5f08e4c88d2c228l6rkd,fb5f20b04f48113f484f73988d44a09a5gd2f,0.0
1aa485901ede7baf78ea116e297e9d7f9en6i,a3d2de7675556553a5f08e4c88d2c228n1tgz,ca8d4b018cb62966eebb2974f5a83b4fo1zpr,1.0
2d2839fa92d1c8e94bdeb1fbb9e62149x6xc5,b0a4197bc483e81400b84d4d5ada8331mqz7l,01189c5cf2cd2a242ffaa812909fb2c9i3f1z,1.0
06ddad46112881df154e3bda0e90fe880r57n,a3d2de7675556553a5f08e4c88d2c228i8nnd,a6ed42b522b643dd393b71b9ace4a6e9lfelg,1.0
39f9dad880d32ee607af7571ec24807bn1g2d,a3d2de7675556553a5f08e4c88d2c228yjjho,a3d2de7675556553a5f08e4c88d2c228v3ma5,0.0
e19f258fa5019e58974b562a8e1433ccluztk,a3d2de7675556553a5f08e4c88d2c2282m8iu,ca8d4b018cb62966eebb2974f5a83b4fu4mr4,0.0
f63ed13362ce1c80970ba28a095c2bc5kfgmr,d995807fdc430b36dd6f251b20629072ebced,71090de808aa6ee9f34a93f69c53b3d7ni6p8,0.0
7f4e84da8ed11f4ea3a2d276f49949b7o31us,5f05422ae243e3533155849f4c6df170e5dvx,b42c80c1c2fb90c79255c471efa3ae50be7eh,0.0
b6a7b5bba132a90e7c7cb350d2bfa52d7sion,a3d2de7675556553a5f08e4c88d2c228xy8qt,edda71b9b6e19c41fd876381548a6d804ztoi,0.0
340d7ea497f16bdb912ec5c6ce467f71kk7hy,a3d2de7675556553a5f08e4c88d2c228y6rim,a3d2de7675556553a5f08e4c88d2c228jsz2h,1.0
4a2d5b70f0fcec3ad9d8ac4b447efd6f3vs9c,474f441d0c8f8416be60291872926cd5zlqy2,057f5817b293d6278aa63af2d8e030f1q7ku4,0.0
ef9ce9b85309d7d1044ce57055705bae8pqlg,62bccc307e6b3e5934f6694d758e00e4u5zwf,cd4c3b174908b2aaa96ad88cdec8e1e3fr858,0.0
42e631af9bd00e5e816f08eba3b102d5ch576,a3d2de7675556553a5f08e4c88d2c228yy66m,c268ac47bde5354c290a7374b3dd1c41p9ybt,1.0
068450aafae2a6e390e35925d964290cdliqf,269c4f1beb0e54c6898be5b8a58397457gk52,05058ece8abdc823530576807613eb93j2x9z,0.0
f2bf8c94172c4d71076e151cb4e136007iiur,4730fac59bae90b36225b7b24aadf8d59xjpa,38af5dce8aa043346300877f044d09a63numl,0.0
f535b28ad58c83d35ba87fcd46624148zbh6l,a3d2de7675556553a5f08e4c88d2c228hcnzi,03660f964fb9eb0813b800abd4cf6367ktkig,0.0
a9237defb0a6478098f242b27ebcef18qrotd,a3d2de7675556553a5f08e4c88d2c2287osy6,a3d2de7675556553a5f08e4c88d2c228wnxbi,0.0
26190fcf0babdbe0b0d903f325c52873tpj7e,a3d2de7675556553a5f08e4c88d2c228e0byh,a82c7d644ee4dfbb515434f44b0189659c822,0.0
81a6dd18d43cb3b1999176eea563b438roe7y,a3d2de7675556553a5f08e4c88d2c228nn8ut,fd4da97287d5803e65a93fff21b9afc1j983w,0.0
9211adb9cc770c78a70b55441acd146bfxnz2,a0dc95936282ff8eef7ffa54f295255cszgy6,fa442b098896fe3f9aca16a6f100e5973pwf8,0.0
d2ebe13374f25a12865d50c17af1dad7yspzq,a3d2de7675556553a5f08e4c88d2c228vxzoc,3ade6922889f659bdb57761c45ff04c8svxdw,0.0
e0b6466f9f720e9d9a00d7c12b2e2c6d8xwxz,74f24e2767de1c753beefa64ee4533630fhd4,5bba8e02a5eb99b7f1c188ff7c190026u8dxp,0.0
a99f91d51e8d9f5786dfa52e24292dfebi55j,a3d2de7675556553a5f08e4c88d2c228wa3ry,63ce78587e427547c60b44e54d51a4c9ayanw,0.0
2a4654987b59646a120ac74301339afc4eylt,038cee463f7b030605c6035d4f124777hz1t9,e3646fe6683c52112e6bc948c7ea6917r821m,0.0
33a7a0121e28cca4e42494dd0f5aa03fdhlm1,a3d2de7675556553a5f08e4c88d2c2284i3k8,af66c2a0d735ea583f9c2ed10335c301g31m7,0.0
7d72bde2e297ee81296adb4fd56e8800p7lbe,a3d2de7675556553a5f08e4c88d2c228qwepc,7ccad92884c9819fdc1d7a579532ad20x6adt,0.0
3272e16da807a75a987e26b09bb2147by1mxe,debd3092ec8c2d8558843da01b39b74dqikms,b95e143808cdeed94d68f37a966af9aafchb2,1.0
a8561bec318a7d3a0082b35b086b4428wekph,1b53c9a459d6cae0a015df2bc2a6ed7fotun3,2cf1e0523f43138fd65eebb2c8cb4b73pcwax,0.0
c2294751630e49a4e594dfd89383b271qzp0m,7299f991e4cd4517df7a35e23dc09d34bwvsm,7d8f19dcfc5b4c6b12030617c0bfddaak8zr5,0.0
d8d90875fbcf94c3b4c5c00479cbed6e1mqrl,a3d2de7675556553a5f08e4c88d2c228nxmdi,1a57b3c4a48dbe3eb420244cbca5ba51vgfit,0.0
090c77ac89c7063f0d0ce064ce3cb3afllf5h,937383a3470a2bddca8bb52c5b8f1b5680nn0,9a9f0ea302d10b49dff141b4fb31afe7eu3h2,0.0
76218e14c379c12d599dae9e1c00b61a3i5b2,a3d2de7675556553a5f08e4c88d2c228sjo4q,ca8d4b018cb62966eebb2974f5a83b4fstk6z,0.0
7dc423d0bbfd840fa0bf75203cd7bcee75kmh,355e745f232bc3bcefd953093648ac0cvy0md,7193f78256dd8a39104a0498cd36fa95owgpy,0.0
3733f7ea492eef1f69f98593d2122c50xwcha,a3d2de7675556553a5f08e4c88d2c228d0u05,a3d2de7675556553a5f08e4c88d2c228dp2dn,0.0
7f86c3c417ae1db5bea10bf9d0a7827ct3ni4,a3d2de7675556553a5f08e4c88d2c2280rc4t,efed968be472133f24bd70f9412c156dad2ib,0.0
c0d065cc8cb585f027143f2ebc6b49f01g1wr,a3d2de7675556553a5f08e4c88d2c228v6hq1,1ff0eaf84512ac4e2b8dfaba89ca61dac07d7,0.0
644e284380171fa793695a91b6a12c28jcwku,a3d2de7675556553a5f08e4c88d2c22856rx1,2a96c3ce94b3be921e0296097b88b56a1hvhm,0.0
037d9f10da403d8d5f94b6e2957a3702f6x07,a3d2de7675556553a5f08e4c88d2c2280yk4m,a3d2de7675556553a5f08e4c88d2c228y818v,0.0
5850b68151cf0760e94acb39c4dfa02026k4u,225bd01ca744cab686080f951ca74d8ed2619,c3e03968dc597e7e5a65dcd787532de22h5ay,0.0
6aeab198df208f8628825f7eb3ec3701p2ybk,42eb0c910badf53bc40d0bcc8d3b467f2vtju,d99c53d6bde7343b41a341afb112a7d66qyxm,0.0
47c5cd21a74e45dd294cdd53041ec0a3dw3ge,e70ac5d822f8ad7aea689f3aaacb8758jkk6c,2c2a8863befc910dcaba74cb5d5e58af8c88s,0.0
a664b6b42fd48403fbd34800063fa50bz6k4m,a3d2de7675556553a5f08e4c88d2c228zp7tl,7616ef35562abbfb3e90af513f816e50zhvsy,1.0
40e00fd204d0ce97110032bfc47f423d0bgrd,54cf9c178fdb469a6d94b161645315724h0kh,a3d2de7675556553a5f08e4c88d2c228fj9b0,1.0
6e848149cabc4434155aacb610fb20de6vq5b,a3d2de7675556553a5f08e4c88d2c2280r4r8,e23d9777cddc347de82d839b2e54b22et4a3t,1.0
33031f476dec19fe47c0e3a051a68e992hmwv,59f9a7ee8e3266b7f3e37692a99c851d33haf,f6702d459e2dfe670eba83d9a256992f9c0hc,0.0
5354c02817e47f28e60e44a40ca5e48dll4sz,1862ef3b7965993cc975a1161010e810w2bwo,58e5dc4d38d886f6c7abf0c264a51cb7alhj2,1.0
5830a96593aff3e951919578f7374f09pqyc0,0875307e1731af94b3b64725ad0deb7dhrxd7,1261e58872ea558fdcae85cc15b479d7fbe7k,1.0
74fc24cafc7c5936d0422b8da306365byjv2b,a3d2de7675556553a5f08e4c88d2c228npq4w,a3d2de7675556553a5f08e4c88d2c228br8mc,0.0
50791a0a98478b7f78f8d30acaa4683dxab5p,f277ad1b6295d39866b205e766cf4f87wxw99,238334f869e2b6ef2324c1d23d3588f79qyi0,0.0
205c519be884c5b1c885f61c4ba8738a737qg,a3d2de7675556553a5f08e4c88d2c228o5y1h,a3d2de7675556553a5f08e4c88d2c228uzrav,0.0
eb2c4b4493f31788ead745533e0c9a18xzzlk,a3d2de7675556553a5f08e4c88d2c228xk3lv,a3d2de7675556553a5f08e4c88d2c2284i48n,0.0
7029915a2c5aa5d964acfd85c30c3950b4opr,2b954028406ebd0a1f4b068e9c101552nsjol,dbd1190dd19462115568e721afba78011uyal,0.0
3d54d594ffba32e8d6527a688e7227e30iq3k,504228430b6de4c77e7bc1b140aaf33do2ftk,c7ea8dc8487e78eda4bdf70e85c58f27rzgfn,0.0
f80075873f7183a03b1b10ac3f740032v6w99,a3d2de7675556553a5f08e4c88d2c228p88hl,9e46fec7aa9d46d524cd3a859dba0c58grfsn,0.0
5e611461283a5c3e49b5bfbf9c33b7391ce3h,f769dc830965bf1b02a347692ed36e2d5lfz6,46063d8947519a444457ff7f159cd1d31xkka,0.0
d65c538ae39fc1a7e0677583bba5fdc6ax1et,19d4663f5d93912d4aba49d105098b4dtsdna,73fdfce2afc15b08a8138f01f75dcab5l3yd4,0.0
4ab56df4b1befe3e2ce5cd98e8950ba2psqq2,a3d2de7675556553a5f08e4c88d2c228k46e1,557ac769ddc2887ff34bb518ebc6d2een01qw,0.0
f0f21cd3d51b7a233988cb1c3c5df977zjqkj,45ac2cef27156ebd0b8fd57fe4115348qgcjc,3bebe0cc21c2df376efacaa7c8707645w0pfm,0.0
3d8cccb637b990ec64d662d66ec059cfn1p3p,a3d2de7675556553a5f08e4c88d2c228d3fny,8099232815d3138ebbae602f9aa91fcf2govn,0.0
68d468e15e0de0bab9694cdca8e799eb2j8kn,a3d2de7675556553a5f08e4c88d2c228vf08k,767150cd5a97ed796bfc58456f5500250dsv7,1.0
bd0f0c497ef09b5c1bb18b330d932bffktn3i,a3d2de7675556553a5f08e4c88d2c228d397q,a24b32da95ea7ca00be96d769cc289c2l2qz9,0.0
c755d2832026bc2a6f5d2d6df5740f06mr3nj,05cb55ed79a2808d456e5b3f7a0518fdtq5zv,7c678e357dfd74f2ee9252688467c8e48nfse,0.0
29544507566320f1125d8e9f9a0ab3f2jswhk,a3d2de7675556553a5f08e4c88d2c228nuqda,c0607b742b1639b1a009789d75d58d7cnexap,0.0
c2d1b8c1b7a9c8010f5b215e8aadb1d7gahpp,a47ec76145b2abb39b940289f696386b1ccvn,65e92ffdba45917e11cc034e53cd8f5b189h5,0.0
7f807b2eb6c391d55e67bcdf7e1cbb3fhylw0,6cf4fc440017612362835dc5b14ee88egifmn,264ec6be2f5cf78884518c962c75dcb1nfay8,0.0
246c55639cf85c682d58cbd2ed6a6563vk2yn,b4ee77a5f16782dec93e18781757fd0aav96i,fd959a9ecc89865698eae73e978a8f6afnsgf,0.0
55b39a51c925bfb42fb812ebc5fe318emsjjf,9f6d3b98e523a45660406935fbab5ae91c1g9,d5aa69f4dd09e450dbc54baf58d4d499f4r38,1.0
3995d9ce0cebd62d77cb8add067d93e15oezc,a3d2de7675556553a5f08e4c88d2c228iiy76,24e117990344c316f4fc9cd8daef678cxr86i,0.0
e268d06507859d78894a8f6e11995f48zls7t,a3d2de7675556553a5f08e4c88d2c228mgnnl,5238fb13da3ab773fcf837970118c2cd8r21k,1.0
20d08c7edbcb4b4ac0214b664ca5bb9cprntj,a3d2de7675556553a5f08e4c88d2c2281pend,a3d2de7675556553a5f08e4c88d2c228649h3,0.0
3b947f8c954acf4354d2c3bdcd494fb0x54ee,071be0d0f0e8dc7e7cb8608464ef8344bmdof,5ce44337b58433399def32a40a892820ttkzs,0.0
2d9579812895729581ce269ea17462197jxvy,a3d2de7675556553a5f08e4c88d2c228vknp9,ca8d4b018cb62966eebb2974f5a83b4fcmv7d,1.0
b719671479e7d75b1ba5a5617c95ccad4dkvm,a3d2de7675556553a5f08e4c88d2c228pq3u9,a3d2de7675556553a5f08e4c88d2c228kffm1,0.0
10c1e1164e3f8298df9a35c891f67babiycsr,2882db1cbde5fa20a7b36ef2d4a41112e5phf,7c7bd48ff1b62f0658aae66fedd0e6d836mmv,0.0
024937af9ea18a2b57e4f08762d181f7s8a3z,0c8bb4edabf0e42d7a67b85a0840cb45lq79b,f61f4710f5ff21fc47f04edd4ef5bccdzia6h,0.0
3835e3bbf9a17a33867860a9ba19621dp4wdc,724dea8787a3bc23d5d95f1c28d4b1663xzvh,a1e9c6e3a266ed56867fa64d847d799474z2x,0.0
efc61ad6db17265a4bac85f77b154ef414tpp,a3d2de7675556553a5f08e4c88d2c22850etl,a3d2de7675556553a5f08e4c88d2c228d6pnk,1.0
c72012c8072e2441b3ba8173205cd298cde8a,91ae3077e1c8f38fdbbac9480eebecdfp9in2,76d1cd16f57eef6cc1379258b365e1a00qlhn,1.0
dfa45994c8471762d04deb23c6450598byp8y,a3d2de7675556553a5f08e4c88d2c228hkxhe,2a96c3ce94b3be921e0296097b88b56aqb7pe,0.0
3fae46174ef1a7dce5e9893775f814c4so8s0,54e6c34511072f23c71e0ad43100c30fs1q6x,b1c7b470d0de503155c0c0be1d676cf6xo7p6,0.0
392d936106b75256632c9dc83c4f1a169bke9,5c5926904690763bea72225a6007e59cpxlft,4bb0f16e8aea6717666ecfcc58de85afuuzog,0.0
e24542c1bd46a4a0f98b0fa95d8fc40brecdx,760fd929ebbf308f7019fe62abf250268ttvi,bd813a3239ad2bf9d553ed1c143edca7i2f8h,1.0
a0660fe8a46b9cb6b02e7b0c50eef6a905vt6,0e3b36cad5d1bd049eb5bf07d08957e06y8av,5b31302740f80fe455bc6e87dabe1c68lc740,1.0
57e1892d3d62d87c9ba5e8425a1958c0fn11u,a3d2de7675556553a5f08e4c88d2c228lcv01,a3d2de7675556553a5f08e4c88d2c228u3v7e,0.0
929b75b44585b34d2b917ec181ecbcf298fr8,a3d2de7675556553a5f08e4c88d2c228wm280,68854222c4aae6198ab3711ec11364133l80z,0.0
3a5420301c0dacbc5675f6f09aac0143tuodl,7e8765daf511e88d1e8c832db07dd7e265hp0,bd20dc70c53713a6201146da1f90d0879swuw,0.0
e0824707d4a78230ae54209a920bc3e3pzdpp,a3d2de7675556553a5f08e4c88d2c2284weia,a923a18ba0cba8a6cfe805df136fd15b8hgib,0.0
01c5692d487454cdbe731df330bef608f48zz,240f40b4e3ce8f0d3bf8b7abdcf7e9d955tqa,58048808b920ee7ff05d34d2f817dae1vt41w,0.0
64e802fa8e0c17ec2ba1b6425648b7cb7ndkn,10a04d75d1d4db8a36724ceb053fcfd8faj57,a81513bb2e0c0d557810339e1ba1530adv67z,0.0
e5fd2ebbf5bac9ddc73ce524e1b33c3akti0q,efdb628f6fa6fe4a8e2de46d23a5d16f7o3u5,4515b484338e685988bd78f93693e55cq5hz6,0.0
2906a20e0b4f7ce840d051c4be898b66do6wh,a3d2de7675556553a5f08e4c88d2c2280sxgx,794abfcfc9a51569c6415a61a319b352gucrg,0.0
aa8aeba2bdd0353a108b9b26f12ed59559mvz,c166042fdbc0d650b06b5904d5435e14pql6v,1a06878ed1aa10e72c3cbeaf37639d23xrnm0,0.0
c48fd9c589f273945bad5f0cea5993ba2fet4,7112f6c833d04c180b82a5441771c33f0n0xx,336f1a16cd067cf9ed0a109551e11e1aiyh8z,0.0
11b1859aaf7fa93818baa76007cf7207d8uwy,a3d2de7675556553a5f08e4c88d2c228g76j5,a3d2de7675556553a5f08e4c88d2c228firfp,0.0
e69dc706f159ef6e26df0d88388bc5edlymly,900df82aa793f811fc4d1c35aff13a5ejj36d,3ea4d8f81144b5a43afe0ab5b2b35a4fs7fsx,0.0
7eb6a5ffc5e8471efad7cdc8927daf677qcf8,a3d2de7675556553a5f08e4c88d2c228cxfnm,631e356dc4a1ccbb96be5a2f6af1369dlxjy0,0.0
3be127c56b2de21dfcf2836f20afe249hqkxy,a3d2de7675556553a5f08e4c88d2c228m3qyw,a3d2de7675556553a5f08e4c88d2c2284l7af,0.0
dfd5c9157a0a771f235c32f30aedbf84e2552,a3d2de7675556553a5f08e4c88d2c228ku0ab,a896ba19c2861df53f333851c61b1566qftio,0.0
bd8bd6cae40abb19b81b6b6a7775f63e5tk1s,10645c3dadae624f74757338a655c88fhiero,2c833c297952e03c0cf7ee9baef4d541sp52c,0.0
18eb8d55c84019b9196c5ca7e072b287bv68e,c9274731b884ef7495041d62d4ec512eqi8wa,6a9fd1a7f5a5fa64b787d4ac521126a9icdhw,0.0
c4b598fcb343bdd2cf826fc7541500e40xtte,a3d2de7675556553a5f08e4c88d2c228gfsbp,a397dd5f5c6b0c5a4488bcb68e8738e83zfsn,0.0
4f891171f7b09f54d8b4f30b48421f178m75r,4fb4d1642168f8334564430eee716eea1tjss,8768c39e0e48f01151766aa2db787cd2kpw47,0.0
4741959d26f99012b8a6a3e3954eae40hsy6j,a3d2de7675556553a5f08e4c88d2c2283mm0n,a3d2de7675556553a5f08e4c88d2c228i1v9s,0.0
27cc072f1432f7aec4b7e17cf2e473f2x3bjg,170d0f1e1ec69cc1c8f1610a2a30c379q2iwo,04fb98fa5fe8f570cc48c6b366be74056cqv6,0.0
295fbc4ef00fe0cea7947811e78bb8aez9ti2,a3d2de7675556553a5f08e4c88d2c22886b5o,a3d2de7675556553a5f08e4c88d2c22830fid,0.0
3d9910a238a0f282ad3132dd6fc981c8tv3tg,a3d2de7675556553a5f08e4c88d2c2281ehah,c856c4f51e949635cb567f7321bc0c6at1y78,1.0
96b90af2d3eea4d3b2bc725e1c92e212qu52g,39ef2afbc0cde265550cafb40eb3fd8erzlrm,0e6dfa874409a90bc0fbf0d531475241cvw1o,1.0
a2d0b7ec1595325cc63777f106e09fcd88y5g,b8e102da72bbcb0a5f4429aff1617acbb3ett,aa21888b1759b2f3e396cda878024324omzn7,0.0
6a87cc9dacae884e817de2ee08452e76dx9mn,a3d2de7675556553a5f08e4c88d2c228m1kwr,a82a59d65f0964af62fb052f76ef57edtol8o,0.0
6b9a3d480add21788772e118e6d51ed57e3w9,41a19191c80fd1b9c7e1f935d915dc1bcb30l,a3d2de7675556553a5f08e4c88d2c228ktbiw,0.0
ae45f9b94d86f931c84c94f3975e3d7bkv2r0,9582a40d50577333f498e3c6f6b0e9cbqvvld,40a05b122142822ca6ac84addc794cca8lt2o,0.0
de9f5df5962dc171c7d82ab503c36dbfwicon,a3d2de7675556553a5f08e4c88d2c228w7qm4,a3d2de7675556553a5f08e4c88d2c2283601n,0.0
175a06fdcf622c9455d0a77990b9302dj23ke,ce609704d5feae85f5d4dadb83b93ea34yskz,06d532f2346e5e4b2ba9352cb9a0c412mpruk,0.0
d6d68e218a6cafa246ed31185b09e1e1fsu8x,c236f29c18b5d5af4aca0571a4ca9cb7bkv1s,605de1aa5cd899842c1274a488d9c38c4xgba,0.0
7ce12bb499c156ba4513becaa42aa8c143v75,a3d2de7675556553a5f08e4c88d2c228s89nq,2a96c3ce94b3be921e0296097b88b56a7yqzr,0.0
ea6c07fbbfc3f0e549701b1e7b90c4d21zfjl,48585e1cb17d7c2c17575dabb26dfae9jyu2w,a3d2de7675556553a5f08e4c88d2c2285kuuw,0.0
c7d335bf99b9c71fb22797ecbd78b92ashv4h,3e9073fb9219ceb4a1dc9dbb9e1acbe9c8d2l,2367520c8d94e70f47f4e28e72004ef9tdmoq,0.0
7607c4efa792a69e2a8949ccafcbef103squn,a3d2de7675556553a5f08e4c88d2c228sihzv,a3d2de7675556553a5f08e4c88d2c228f13jc,0.0
d7eefaad31febe607c252199a7672420kl1el,a3d2de7675556553a5f08e4c88d2c2282cfu7,aa21888b1759b2f3e396cda878024324djqvw,1.0
2d82c3dc726d2bfa19c5f16ec3de5023lbse1,ace33a223a3ff9cd70268012578e07b35gye3,a3d2de7675556553a5f08e4c88d2c228m3gp1,0.0
1880a778c9dd0cb15ca1f052308a8e04g7e35,a3d2de7675556553a5f08e4c88d2c228cyw4h,a3d2de7675556553a5f08e4c88d2c228ko9vm,0.0
f04748a1437347d837a65ce04ee7d94enqhub,a3d2de7675556553a5f08e4c88d2c228a6lhq,4c7edb2ea6bde880090cb2ede75e2e16xn7vh,0.0
ca391c857d7aa75a72e2d7c3133e0d6ay9pil,a3d2de7675556553a5f08e4c88d2c2287927k,a3d2de7675556553a5f08e4c88d2c22857h2v,0.0
cd856579a7c4850b60d8763520339449x0mqg,a3d2de7675556553a5f08e4c88d2c228dwtbw,2557b4e3cf4c90a55cb27515d0514920cpw48,0.0
300bb4c9816a7064b106c9c6cec2f51ei13n5,a3d2de7675556553a5f08e4c88d2c228yu3xw,9f9814eb0ca21815293286844b7311e551n2t,0.0
b970a53727b2bfaf02079779c846a52fj3f0q,d0ed6177f04efe9e081d28f063fed0e8zpurc,c7ede474b7a2015e82e2d6651f8b043dq6ukp,0.0
8126928a319468b6da5edce4097d2398xwita,a3d2de7675556553a5f08e4c88d2c228gg3t4,56dd09ced5c7e378314efad5a5bdeab5z7zqb,0.0
5a2aa4e8c227de4db26547fdc1f017cbxb62j,a3d2de7675556553a5f08e4c88d2c228r2698,030e9c4cfa015ec88d42902e870b389bw6eu6,0.0
ac494ae5acf003f84ba46f5741618a8dn19qi,a0dc95936282ff8eef7ffa54f295255ci24yo,ad5d85eaf15fbe92bdade84821600482w1cb7,0.0
31a301c70e897bf36276031abdf07ab6cs6z0,a3d2de7675556553a5f08e4c88d2c228yjzaa,d39becc3a74598992bbb93bc835e29dbrgvlg,0.0
97b002c9936e63a1fb9994a67615e84fft019,70298709017d78b00d1d9233ed7b2f9d9mw9p,9e1807c2d3a308a62f418d054644dee3159yb,0.0
67d245e38ee756947ed395fa099807fchxv99,a3d2de7675556553a5f08e4c88d2c228xqkeb,d81cd6658b5d8d432bbfc04bf7d786c0qhk5y,0.0
ff566c87f2babf3dcd67be286e1c6666cxzh1,a3d2de7675556553a5f08e4c88d2c2288081i,28e330122021b51f9ee2c637d02dbbcd5dnif,0.0
8a4fc219f01e1fe6d4328b0a47fc54905iv05,ee20219e9d6b897b115119011ce3d9f14at43,8fe8e148033d79ad443d63a60596e640cgs8d,1.0
282fe85277f7c07b0ffbc5fed621a02ezp1zr,a3d2de7675556553a5f08e4c88d2c228txjog,fad4c43875da21521a506ab08edcb2a66afwz,0.0
f8d0d52114da74d98800dc7553008705dth38,40496d6e02726a0e2fe55cabcb46d96a82o33,ba6a07d4f8326296d40d14802dd5c6aek300x,0.0
570910327f5584ea1ccba92634d89832lo1zc,a3d2de7675556553a5f08e4c88d2c228niuov,a3d2de7675556553a5f08e4c88d2c228fe9bt,0.0
573cf43253a18821e50dfae941ac287ceymgo,a3d2de7675556553a5f08e4c88d2c228i1ums,a3d2de7675556553a5f08e4c88d2c228so97c,0.0
c5dcc8a649adae76ce01a3fa85b68f237ny2r,860217ac75cd73fb82f67186314aced3m0mj5,be1ba23006f57f8138641cbc4129d3d8qigos,0.0
c6a49cf5944626b45425712f9e19e91d2nyh7,a3d2de7675556553a5f08e4c88d2c228w79qb,966b691f70dfc7b2ce12af8df14a8ad5qhboc,1.0
124727083cd4159b40ff8d4b36a89340l6fga,a3d2de7675556553a5f08e4c88d2c228td35r,a3d2de7675556553a5f08e4c88d2c2282ujdy,0.0
9774dc752f855f07b9c00eb7018b607c0ymxo,f41f153caa529b52ef50fc45f4af6be3fey9h,a3d2de7675556553a5f08e4c88d2c22835rzv,0.0
dcd54d7afa6820e3f00e1c9e83aecc7b4f3lw,a4682bc5ff95943808962568e1f9cf67fasm3,8e7fbcb029c8c282925c274a9f12fd44f8emz,0.0
e8e4603ed284adbd252a7a601f9bffe09oq6f,a3d2de7675556553a5f08e4c88d2c228twvmj,2152b96be0c5ad9c091d2e673cbc739913xez,0.0
c69e65de28937ebe1b94e7785afd94158thqk,f2b84f160a1b927c780119b806009818aq975,2637c3bb50d3bc5c83b2cd9f62328db3dwk9i,0.0
a74e3962ca26514976056bae3c46d579emz6y,a3d2de7675556553a5f08e4c88d2c228ph81s,75ff8da638ebe844ad5fe1a14e4e6fbawm8ud,0.0
1b0534afb7c02bb023bd4767ae73f17dqzqdu,a3d2de7675556553a5f08e4c88d2c228vcpeq,60d0e5c81c0e4edb812a95d290547b9f5prs6,0.0
4c67576a6f30a158d16d790a7fc482b0zqxue,a3d2de7675556553a5f08e4c88d2c2281hh9j,ca8d4b018cb62966eebb2974f5a83b4fbrw60,1.0
01349288df20199905e719f0ff7ee771nwryj,a3d2de7675556553a5f08e4c88d2c228d99fp,f1cbc047730182fce18540c4915fb609uzqae,0.0
340bc29eeeb9b9d04eb1fb72a1a9a2444brgk,a3d2de7675556553a5f08e4c88d2c2286mh58,e0d870a8c6513b80acc35b95b12a53d4no7tw,0.0
408f81a85f3b31f8cabedf6ccd381961pop72,a3d2de7675556553a5f08e4c88d2c228wio79,be7e2a684944a3b031f5dd5b67c86593l4m8q,0.0
64885ec89a54c64598b2d196e1fe2e351cd60,f8da4789250113e74f3341104b9adb91tyhm6,98acaad299e095d7af0099fff550a19fq6s4s,0.0
8f00a4c4d7f097bc1688f8d89431f6bfmodq2,d47fa4df9c7fc1166792ee3ca39fd19fze3oc,f7aef5f51793d002e1c78e35dbf0e1f4wsgsx,0.0
30ef7862d69b3440ebf2726ee85a0b8397ta7,a3d2de7675556553a5f08e4c88d2c22807n17,a3d2de7675556553a5f08e4c88d2c228ij9c9,0.0
2a5726bd00709641cc54a8ab5422cde3uchoe,a3d2de7675556553a5f08e4c88d2c228uyhrk,2bdf19d03bbf6ca94bc2fde663c3b1f80lxt0,0.0
fb6814db96bbaf61f42270a85f0f62adunxft,a3d2de7675556553a5f08e4c88d2c228fh4wy,937e24e5329b1758d1180c3b83041b1b59njb,0.0
8c33cf751b05ca6a9d886a379a84a2ees9jlu,cd1ea709310b008859c0cdac916b9689qnduo,b9a1f8858fa2679f9dc45ebae7fc660condo9,1.0
9fada390b6c53ecb47e6f4eb4353e14f01xu0,a9e2a6dc2ba00f59e0d6d60f27176cd3bsotm,3bee21f3323082783efb0e70aa7617f9q3oou,0.0
db83d746ba8e0c388805fa3fcb235743vfqmw,aaaf9373b9ca0550de757e6054de65b1au2m6,40f71967d3e011bb5f36f74b0034da05rfw0i,0.0
7b5bd948eb1d8075be58ec9240927bb59ugz3,a3d2de7675556553a5f08e4c88d2c228xi6cp,e048f5d50823df461686fde13a25d287lpulu,0.0
c9056fc0cade75299ed4438567a87d6ek44pt,a3d2de7675556553a5f08e4c88d2c22857a4j,4eded9193508af3fe3ad0922f40394a9r38sb,0.0
1e1c9332e90c1cb0f01da223bc043c528cvwo,265e5c1a73630867af7f38531b937605b51fc,3745707c137950f95bcba0a192923915eni6c,0.0
2736ee274114e9440463bde9fbffacaa5xky5,a3d2de7675556553a5f08e4c88d2c2281ov3n,ab7633d6eebda8d6668b53333364abc1ib7lu,0.0
3c0026d48f3d6e10cef6cdb1f708793ccwkhr,3d4eade716da0882f0e1c0c42092f7b0vm5q5,54bdd1eb1d46c6e8f4775856e9a4aa30fd1yg,0.0
2e1eb5b56591662fd7ecd7b39621bbcfgd1ks,fe4347a1ae4124e2b7ee04d216de6dd72lydc,a3d2de7675556553a5f08e4c88d2c228qtdfm,0.0
9ebd57da79b9286fd67a53e61528cf63a1w6c,a3d2de7675556553a5f08e4c88d2c2289c41h,ce0b318902ae2a4f5cc4023cea883d00au57y,0.0
8f086b809805064f3c4a5dd48327c0f51yplz,644165a0f0b4adf062587f8c5a7a1a4ah4wmt,6aee0bf71520b4a73dc068d93712a5cfq2hkp,1.0
4703c8940eaa3f3bf5082ec2f155a8619i1yw,a3d2de7675556553a5f08e4c88d2c228pk77m,a3d2de7675556553a5f08e4c88d2c2284vxtp,0.0
62ac0de5f8776ca1d189297bdea9a64cmewb9,dc810553cbe65ed2115a6c3bd3545c4cphlcz,846c31cc9b3e534fb66d758fb7305deee4ge5,0.0
f93a998dc10a4c98f65c6b86fdff651d5i4qh,39e64c0538a24358a73dee13485943c2t359a,af2e7f3f7a97c89f546068a87e87bce7cs2yr,0.0
334714f005e994d46cf4d18093dd4d05fyxc8,455ed978ceed0bbac4b0e47a1472c260jt8lv,4b343e6afa73f58e5da65245169f820aozjms,1.0
0353aa9e97bd46119c90b8892f99982esfem3,b3a1eab4d0437cc0c8feb495fa8a720eez4gs,dbd1190dd19462115568e721afba78017qw0p,0.0
d2704c8bb6ebbf13e08f37131382b126wy4yc,308f53abff7d25a618069ec8b74feecexmpf3,a3d2de7675556553a5f08e4c88d2c228djz03,1.0
4955e2c318d0bdca797ce17794ba18fblhaau,a3d2de7675556553a5f08e4c88d2c228768xl,2a96c3ce94b3be921e0296097b88b56agct4y,0.0
e959a3ae64e28a7d3b37934c0d826867o3sp6,a3d2de7675556553a5f08e4c88d2c228opxgb,abe6e6ea31fdb24b7cc4085a319a4434988ox,0.0
2515c5fd81638d5d0bca39a2b2be3995tante,3e9073fb9219ceb4a1dc9dbb9e1acbe9y7ph1,2367520c8d94e70f47f4e28e72004ef9fw1jg,0.0
08515611e73803dc6d8c562b8514dfb5qi3z9,25c4827d896f0e00d2ebf82f8ed393b0cw9mf,07bfbc4e332dea33567ff6578d0ca508nvst3,0.0
1cbd9081de4481ada66f1853737f7684ddjd1,a3d2de7675556553a5f08e4c88d2c228buft1,a3d2de7675556553a5f08e4c88d2c228pijoz,1.0
37921a9d842612b3b0281f7098d0002539xrj,b253ddea86444fef1d49aee0b667a4e0n9d3c,03a2f817014a39b3e162b5bebc266b38p1x5d,0.0
6c55d253787acf5210f7d785546db80dqtleg,a3d2de7675556553a5f08e4c88d2c228nnt9y,be29df123baa2a40566b49ffa55d38bfn6jnz,0.0
a6ec153fc7002cfd929b9f7199914cf75upgt,a3d2de7675556553a5f08e4c88d2c228rv6tu,fb5f20b04f48113f484f73988d44a09a1i09t,1.0
f46cfa9acdb6a4c419c70c19be4ff9523uixs,74f24e2767de1c753beefa64ee453363tjh51,7aa706ccb73817a81b746a89da7a44c7ul20k,0.0
ec0c9e98cdf302274974ad212477f851iw35b,32ddabea7ab7965f61e67be85a923a6ct46jl,688ba1b7f12cb67e7d975aba48df5f7du4mpy,0.0
01eb9dcbd0b3e79d94020d13d83a993ec9d2a,a3d2de7675556553a5f08e4c88d2c228x4b9d,c76d416cc847dfcbc9755f743e15dc5a4ms5q,0.0
3d281a78c6a116a91baf9c8db22b56bazer1h,a3d2de7675556553a5f08e4c88d2c228zywxj,91ea8f05b2be1f7fe36e86e20ea35105s4o8e,0.0
b46132a554a2a3b93efc5a9352036e6crl6sk,2a3feaa9a01b36fdc3393a8347b0844dy3jlr,e35f11bb4e5882069f7dc3765e41016760s50,1.0
14f226ef57ed64d8e14c8b5ae929143cgq3em,a3d2de7675556553a5f08e4c88d2c228prj4z,5ee8b5541eec3b36785699918beac041o1plz,0.0
db5e9f85e7d180f7d952f12e5dae5900q9xif,a3d2de7675556553a5f08e4c88d2c228y5td9,bd20dc70c53713a6201146da1f90d087h10vu,0.0
b232fdca7cb98028e8945005f619fb28p8788,a3d2de7675556553a5f08e4c88d2c2283r613,660e0554f5d570df6ebc6545955e59ebzeoeb,0.0
01255c2c7c5578c186873422fc00fd7afwk8k,a3d2de7675556553a5f08e4c88d2c228ub9v1,f61893a13012022c0d7f875d2030805dagxm1,0.0
1053ead33eb1a5db7c36c979a455348abh9ns,a3d2de7675556553a5f08e4c88d2c228qjwyl,111d4514cb2db9cc0aaf1ae65b39e70ajmu0d,0.0
0565a780f2c5b46837bbe9739ef15ea92fdu0,474f441d0c8f8416be60291872926cd52br6q,4544d31a6d8a15cdee64e7dafbc63e6drth9a,0.0
518e9fb1055de6532ed2df6d03fb78feus5s0,a3d2de7675556553a5f08e4c88d2c228l9w8s,a3d2de7675556553a5f08e4c88d2c2285uagb,0.0
3106ad6371a3b740e2af90635a4ad966zeu1u,0298ffee623bea598e46dab6e40983a2sr9js,fccf6585d63de06e9c27c52b8eaacd06flcuw,0.0
9b51afa3c3a736bdf93bd1f2a7b0a0903c34w,a3d2de7675556553a5f08e4c88d2c2287jek9,a79c0f5caf9727c13b5f1b9df6fc072ekytjv,0.0
66513f72be85596a527f9f653db3cb72cq4jg,ffa7805c0fce807ac9c1fa97d51399fbao2u1,7ae6535dea3d4bdde3f5136f3cbb25d38rxel,0.0
b6e52f37365cfeae9204a9f408b8c3a4idcs7,a3d2de7675556553a5f08e4c88d2c228nsxk4,4d90f2e709f1fc0810e5aef472dd3935abdln,1.0
e0413f338c43c9d55ba53612d2068f65t4gs6,a3d2de7675556553a5f08e4c88d2c228ul5yy,f03833e49922cf7f5c093257aa645131q8lu1,0.0
640f41f27c03aca0c45775eb918b666cnjsqv,a3d2de7675556553a5f08e4c88d2c228mnv8h,a3d2de7675556553a5f08e4c88d2c228y9o07,0.0
5c28b04424e96267711d5af2db62e022tp36c,a3d2de7675556553a5f08e4c88d2c228zwkfg,2abca10198aabff918522c4f6c9f735fen1s0,0.0
65659f3fbf6207c570c4bb8ac64772e9umh95,a3d2de7675556553a5f08e4c88d2c2286sx51,9711de13b037b5a90341f53f365681a6kb5so,0.0
e03311c7620a8098b7a177a5f1ad213ernao3,4b6d0cc916db56c57616bfb69d1fb1fdrkm59,7862c3457fd5750ef958570cb0a3fe36f9rq3,0.0
c600968815fc32b20e0519ecfce5b648en2wo,a3d2de7675556553a5f08e4c88d2c228owjlh,1eb2976fca8a5bee9a95d7252e3ce7bfg2c25,1.0
d1f000f475c502ecd2e993c52987e63ed3k7n,a3d2de7675556553a5f08e4c88d2c228eykkz,7d4a61a717270b630cd254f25f276fd4me8lb,0.0
9ca41c3c062146a06d2682835f5136807yao2,d844051d95c0578831f20ced751c39ecms8m0,e1017f872dfa50dd796037921b6e5598ga2eb,0.0
1291b98e40353f77928e363d54a13c569bhfb,1daef964fdcdc78e9340f8394189321767ieh,ba18ec115b16206b7eacb7f6ed33d2880i0y9,0.0
4376fc192e83a1a5d7a83085369916e8rr035,a3d2de7675556553a5f08e4c88d2c228klx28,466b1cf3a99c5bc3c62187e031750fa6io48i,0.0
3a8124eb9fd3977e43f5e0762d9a09d536rob,a3d2de7675556553a5f08e4c88d2c228igbge,a3d2de7675556553a5f08e4c88d2c228fdnbs,0.0
af9c96944265cf541b3fe734a057821a825l7,3e9073fb9219ceb4a1dc9dbb9e1acbe9dgj47,2367520c8d94e70f47f4e28e72004ef9kv3c5,1.0
76a8a9566e21595a1ac06cc0050626c1q7a83,02d1d876fa8e5b633a1689a2e3b41866d6847,b4122bd87892346033786a2683ff87954fk87,0.0
db85fb5556f17b744938cdcc2e7ce9b5urspd,a3d2de7675556553a5f08e4c88d2c228x7zy0,2a96c3ce94b3be921e0296097b88b56akgnjj,1.0
c76f30b8330b6d14fb872b30fcfd9d57phbsf,a3d2de7675556553a5f08e4c88d2c228xbvry,a3d2de7675556553a5f08e4c88d2c228v8id6,0.0
6a76d66f035914f93ebc725a0998b399r4gdq,a3d2de7675556553a5f08e4c88d2c228ryv83,70100193365ec51153dfa1050276bb3byr290,0.0
b7efeea5ff94a281635ca2f0f7e8b3ca4zykk,a3d2de7675556553a5f08e4c88d2c228p1lfc,9f04648db4a16ed229a52f08616deae8j69ma,0.0
99bcfc00be736e03facf0afeb79ac533cs7tp,522ac62a3142625a2b0c5d939689d6aa1lwvt,3748df7825c57093d60e7505a7cc937bhfodb,0.0
8c4b0d95ba36c0ba2a52f9043c62fccev75uu,a3d2de7675556553a5f08e4c88d2c228gr9mc,794abfcfc9a51569c6415a61a319b352n3g75,0.0
cafa845bd657b17eaa82940d4767d9dfe9uxg,a3d2de7675556553a5f08e4c88d2c228il85c,935908bc49341493b4c07102cd30a1d57hf2i,0.0
dd1675bf26316cd4630087fb47d0ff8fsug8e,a3d2de7675556553a5f08e4c88d2c2289oht1,63ce78587e427547c60b44e54d51a4c9xlx4i,0.0
8e05310a342aec93aaec69a638e83a96aqyo7,a3d2de7675556553a5f08e4c88d2c228lqjm5,794abfcfc9a51569c6415a61a319b352dqhyp,1.0
db88530db963dab43118aef5aba127ec29abp,a3d2de7675556553a5f08e4c88d2c228m7xbq,179f9d21fd5882e39ef35a29042ff5e963bh0,0.0
0b450f2827ec670da34be66ec2a520213xcuk,a3d2de7675556553a5f08e4c88d2c228ilw55,9a198b706608b731429b7803109aa15fcsiee,0.0
79c18f0460f9bd86bcfb25da96d91490jfuxv,fdb78e3041862fb383baa8a3700304dd9vksg,3d5eb149f42e506815f8c328773f44f6t6ko7,0.0
dd055846eb553ab8e953b084f2048d53bdqec,a3d2de7675556553a5f08e4c88d2c228vml44,a3d2de7675556553a5f08e4c88d2c2289kr8s,0.0
5b45b150b6b683a98b5bc19c4214f44cvzru7,6c14ede08e3475ff3f070ff733919027ez1dr,a3d2de7675556553a5f08e4c88d2c228j9svv,0.0
669c6a0e8aabbf0647e8ee6e150c47b18a4pu,be766a0b24441ff657f924e0e2f04964tqwtd,39bc36de464094032410de1e7dbce3c7pfii3,1.0
c871daa6b709e008825b667b05efddca04jbe,a3d2de7675556553a5f08e4c88d2c228peew8,80af27d1dec9ab82f3857225f580f9172sici,0.0
bf80bec9b4a8d29c494f8545f2a4be4eji6qj,108c26434dcb1d93e539f53e8f83be6411egx,90759b5f6883468cbf246bc3b9835087l25kc,0.0
5920a92dc2b65e257061017a04eb5361tpa9b,347717fbbf27c58b6051f0fafbccb6d4qhfhp,85b6a667cbed2715de7d584583bb9577h11uc,1.0
d863897264a7e52d9c6a1be6dc453c6c9anz0,a3d2de7675556553a5f08e4c88d2c228c8f1n,2d4d6e7cc464d4b316370e4114a4326a4ffu3,1.0
a539fbaf8b29613ff0e4f3e5831aa7a5p2cva,ab52ec1d362c6c02c8bfc3dd18b072c7lnzjr,a3d2de7675556553a5f08e4c88d2c228jq1z6,0.0
f01d8d55568b1f54b6946a1b78a3983exkz5u,4062f76e4e763891a849e19ce7331ee4veo2b,b4d67bfa95c31105a91448e8a7838568mpbvw,0.0
b5310019f2bbbd975c64dc11189191022k8tj,6d35b347a8aa9c34e56f3d749bf2d737v6fux,a3d2de7675556553a5f08e4c88d2c228yt4m1,0.0
b34fe965c04012fd22123ed948257184pqvfg,a3d2de7675556553a5f08e4c88d2c228eqiew,270a9d13178693751b9e3cce3d7d425ajbx30,1.0
bb790a228de797253bf6afa43ee52eba1s2dx,a3d2de7675556553a5f08e4c88d2c228sxmdc,91ea8f05b2be1f7fe36e86e20ea35105g55ho,0.0
86b6207b5e87d58ae307bdc1545a101akz0ew,a3d2de7675556553a5f08e4c88d2c228fn5nz,a3d2de7675556553a5f08e4c88d2c2288xc4e,0.0
d6ebcf2149c311d221b233b268870b3d5gfe2,376d62ce8b85d41923a9552029cce8d9kagaq,35c5caf83f72596a9b6893209cf35a99471km,0.0
82bec02fec2f08899489d7a5c35a30a0lbszo,a3d2de7675556553a5f08e4c88d2c228xyi0m,e6fb7b82a32b7d2bfd1b8b86c0cd9e399823w,0.0
eacfdb47b3daccebd9f16779c5542fe5eytoc,8849abe3231eb367ec835bbd3dc5fe2e5xwn3,b312117de5aeb80a49c753f562c4b2d3t3l5y,0.0
e67abc3ba39537cc640678297a7c5bfag490k,69cbbe0f62cb16de0ed337f98f1eef61g795j,873e62ff3beb570152017871ff844f3eixwcg,0.0
b42ef139c2dfbff8356e8886d2b109e06riso,a3d2de7675556553a5f08e4c88d2c228trh43,80d21df88e3139eb436bdea421ceabefbxf85,0.0
c0e3343070766b359c664f93ca65040b6bh2k,17561e2b883803611f0db070f9e9362dbqvof,4325ea08daddec8318dd08862667572985v7v,1.0
dcac75b5ccc362a66e7f9112f033bdebchxq4,a3d2de7675556553a5f08e4c88d2c2289ccld,858416351d143f87f44332a6bb65ffff4yded,0.0
6a5457f1038c6e1cf9feb57529ce07b2sff4d,d6a45894acd88fe5a0d6b61ded8f687cb8uaa,712e93b388bc47221665cef9735025e2f0ncu,0.0
ba319b8bb68ca6a12086f2410ca7fb3buxsei,7bfe2fd14a6061fb8bf761d4a78478ffvcrfa,64fd84e207ca65888a0b5ff495619749ub5sy,1.0
ea0e5f7d93f2220a62bde8067f26daaa7oxgf,a3d2de7675556553a5f08e4c88d2c2289e2xv,a3d2de7675556553a5f08e4c88d2c228gz3ts,0.0
01a39439e7afbdcfe385eedbddb23d76zgdrg,f1620859bb80f8fe791bf5c3cddd0b54ezi86,c94cf5c3c5205afe0ef14ce669e015650as54,0.0
ff12cd48c7de8ffb8b2099f262ce03980dqqz,98f83d56a28a79ea4d259699ed3c6242jd0sn,13cc91ca5faaa3340624630f661267228bne5,0.0
8bf07d8631a2808f2c869e27afad2d41swgkd,d3b5ec1bba87fdb7c329d5ae977ef4298nh14,7379e5375b4290547fc1285c1db12169cxc8k,1.0
e0544483ccbafc4842cba7650677d043n2e5c,a3d2de7675556553a5f08e4c88d2c2283ours,c3d21130d59f2a146eccc76aaaf08313pq7ua,0.0
1af4685cda2979a608c4b6ad83473774qgicn,e35a74340ac6d90fcb4fe9b84c6eaa2135wqx,ceda5914ce08b87ec934e614452442903j17m,1.0
d9b611dab3b5116f761747fd3166ecec80icg,a3d2de7675556553a5f08e4c88d2c228ed8ir,91ea8f05b2be1f7fe36e86e20ea351050i8oi,1.0
3073d007a5b42b827cc770ecf4805278xvvzl,a3d2de7675556553a5f08e4c88d2c228bv54e,722acf4fef7981716deaf09825a7f9b2ozlcw,0.0
e909515a6ae94a86027c717c4085954akbpt2,a3d2de7675556553a5f08e4c88d2c228pf0sx,2224c27d0d546be44fb970af08eb602aux4di,0.0
eefb0b863345336dce70312ff0f8faeb9qksv,a6f1b6d1c90053ba8905802429848dfb8oz22,3d5dfc2d68552e5b5a108129d95a4b55m7jzf,0.0
f75cc5ec8acf1ad2349e00ffc4b3191a531f3,c9274731b884ef7495041d62d4ec512em1myt,ee3f91e98d0b3f62a81ccdb47b3bf277lufdh,0.0
a6bf74b19fcb2687ce345930c4c16d4e2txda,a3d2de7675556553a5f08e4c88d2c2285ilab,7756f789f04885a392a3625ab476a867g650e,0.0
5c725e840bcc103bb8d12c54ba9a0b37blxvw,d666158918d757760c1b7baa1ffdfdbf4prw2,14e25f15dcf8391773c1ff2d54b65a0ebrltr,0.0
e1b1c514e1b87826fd045588f1f3881707cyy,6454aa433314696dd43271cb1a0140bcv76r1,b476109e232d7c091a90ac08695d89b38f6jz,0.0
3ddd3eba016fc11b07c8a9ecb3fcc2975bkru,a3d2de7675556553a5f08e4c88d2c2280y9ri,4bb0f16e8aea6717666ecfcc58de85aflwlj3,0.0
cf9a1c3af63d1bc3f55728b4a06a5f46njrac,776d2bc27928f3d5c1ef56f2f03118dbmtnt0,c1bdfd83e02d60280ca8f55d92d8dd31j7owz,0.0
354baa6c4764a5bde013ea3f7edc72552r3oa,a3d2de7675556553a5f08e4c88d2c228zfg0y,794abfcfc9a51569c6415a61a319b352ew5wg,0.0
88e24a019c32a60f2ff315a9d217ec33q144x,d52d7fa63030995f3c45af9a4e1d8b98aae4t,5c78ab161742591fbd7b6b921ee39636dw2cy,0.0
a4c40fd7a4c1040283fb2b84611eaad240849,a3d2de7675556553a5f08e4c88d2c228rqeyi,a3d2de7675556553a5f08e4c88d2c2285g37o,0.0
db80f065a93cc6b41d12af614bc3ec11kpwjp,a250e69d9c307b9ce06153275f40c09blpaju,a3d2de7675556553a5f08e4c88d2c228qf5a4,0.0
cffb5f3c1f4ca815d0f643fcb2f2f316beod4,06602d61e71d281961c94a143471a38ei23rd,a3d2de7675556553a5f08e4c88d2c228o21d6,0.0
179a23cad40c51dd7804069bf769d11e1ftk9,a3d2de7675556553a5f08e4c88d2c228cg1ky,a3d2de7675556553a5f08e4c88d2c228oxgvw,0.0
aabc211b4cf4d29e4ac7e7e361371622pockb,a3d2de7675556553a5f08e4c88d2c228pxtr6,a3d2de7675556553a5f08e4c88d2c228bxn98,1.0
7339b024b285f99084bcca768cce5c7e0h2op,1e302615370f9780706721c042a7f8ba3qoca,4072a941d90b9de565ffe9b2362ebe24n5yk2,0.0
8fe6da2176541d0ce24574dbb60f9107oq1kn,a3d2de7675556553a5f08e4c88d2c2285k2iw,0939dcee213e6c664150999715a27926nid5a,0.0
46a28eaed47c29b4fd148a50cde44840u0bsn,b5445055af775b6cbd13e1872b97f8f1jhbrd,a713e4323ca6330ec8b6ae4a87ecf99b1497i,1.0
313ede314e2e05c31471fd6a93f98af713jud,a3d2de7675556553a5f08e4c88d2c228epw6v,185470724020a92c33cb4a30a7bc486bf9af8,0.0
a7454ee6fbb69c4079caf5b5b92574abi6pyh,a3d2de7675556553a5f08e4c88d2c228qntg3,a3d2de7675556553a5f08e4c88d2c228qmvr5,0.0
f0c356e136831c41884b0732ae3198e0gcy8w,a3d2de7675556553a5f08e4c88d2c228pew3w,986394e3620818efdd9e241941cd34deqg1ei,0.0
9819825acfa7e20c47a78bda5e76b195jh0gd,a3d2de7675556553a5f08e4c88d2c2285torq,c047e4d26a46f9fb919883da4ee2adefm27y6,0.0
f61d93fddb01d2d89a85a132c649aa90lj1z6,ea5df6fd218e878d27274e588a32c665t5apy,af123afe7dcc0fe4180da46e2cefda91kp81y,0.0
8ec8add138ed551bd5a9175eae0cb972ie0pk,a3d2de7675556553a5f08e4c88d2c228beafe,a3d2de7675556553a5f08e4c88d2c228t3f05,0.0
2918b09c1ed9e9e8602f85175b266aeej5v6w,96366bec708b772bd2befe4aef9badb0v5cyh,014c8903c0a7cf8ffdb468f1847b89feix5k9,0.0
8e2a43abb8fcd8ef9801c69fc04bfcb5kyc41,a3d2de7675556553a5f08e4c88d2c228swl2z,a3d2de7675556553a5f08e4c88d2c228ntbpx,0.0
1680f758aecded6e25096b3a6199b38en6n73,c114a96e91325e7a6be1df9197e18da1uvpir,a3d2de7675556553a5f08e4c88d2c228uxhaw,0.0
5bbc8f66464ec2d962b0360d1d74bf67imj47,a3d2de7675556553a5f08e4c88d2c228nxi1v,a3d2de7675556553a5f08e4c88d2c228kukux,0.0
b2d3db61ddb119aa4e5f43e1bf72e349xr5tp,9102f6fdeb031568eb60347506dc8d16j9dds,c94cf5c3c5205afe0ef14ce669e01565w1b36,0.0
e1fb642deec7b382433de94983d97681o14ko,1a1e057571fbaf9ab41d0992288d0a81yomiz,c89e41c58dc906f88b2d807e82a7b32c1jsuf,0.0
e7a98dc8545eb429007cb48799a40a2dc9p6o,ad6cab64ee156b9263b3391dfcb44df33ifje,0819b85368b7ddf84b85e12f5aee90efwcim4,0.0
d3c80e9f6b8e1d774679fd8dd5aae611e3qls,a3d2de7675556553a5f08e4c88d2c228xw7xj,a3d2de7675556553a5f08e4c88d2c228ps2cq,0.0
041d869edcadf595b90e3b5248903183pn754,a3d2de7675556553a5f08e4c88d2c228fyp15,a3d2de7675556553a5f08e4c88d2c228elshv,1.0
e613acb1029ecafd9792c9f75d468e4bmm9zn,a3d2de7675556553a5f08e4c88d2c228eovaw,a3d2de7675556553a5f08e4c88d2c228rj4u3,0.0
e18e3d0fbfba81cedcae619dfa977875p10ta,a3d2de7675556553a5f08e4c88d2c228ef1n9,15b9fbaf26dcaac4a8b10405e0b380b0n8vq7,0.0
8b4071f3e2702b88481054081363bc15her3f,4b2a9aa10a8d701d56a4deb4f7dd6042wwz7f,29340e48e02d0f098c366e63adf39d9fmmv5b,0.0
6362c8d61774cfcb6ada7cea1be63678hxkfz,05c67ba7faaefff08b0a3c97742f1bc0kz457,eff9d6ada4c268930ee05a81ec4e9ebfjkw1v,1.0
3961434cea4339f0049798fab2bc73aekuxjv,3265d422ce0ef1b321065372b645d518pvtda,32d806e21b9453602b204c9439d746f0u0jpk,0.0
a8a5bcf248e1326b3340c88e057f59e9nlslq,3a1c1ddfaf6001f5ab393e02d8279047gebc8,6daad96f66c7a2a71719395bb2a9ba79xnyt4,0.0
584d1d60d357a4ee1fd3b0a6a72de1dc4rodn,a3d2de7675556553a5f08e4c88d2c228ztnjt,a3d2de7675556553a5f08e4c88d2c228qiakd,0.0
cf456f3c8c409ec4060142acfdabb5bbqpx7q,30b2e32afbe7fc19a649b78f19cbf38e8qlmu,60b50135fcd9dc80d674f93078b3d27e0mhmm,0.0
a3ef8857f2e33ecd25c409622b4e3ebcij8hv,b0a4197bc483e81400b84d4d5ada8331rq2pe,8caa9df2d5f8f890c5f84cb55e0e7376azzkt,1.0
2c31770e98fc9fc7e0f1fee6207b5600c0e10,a3d2de7675556553a5f08e4c88d2c228e8eny,c4b65a7ef32586d7f9a711f867d3f54b8g6kc,0.0
85155ae64ccbde01b48fbf4b3f1b739exmqyu,a3d2de7675556553a5f08e4c88d2c2281j8sw,a3d2de7675556553a5f08e4c88d2c22851yv7,0.0
52d8066e28f168e5bee769559ead307e1go7e,f33942502654584b5e7c6fc8cdc5ca6a6a8r2,62f961e661aa27c8b6b4726537f4209c0jool,1.0
520b616c26fc47935f6bcd5ec063eaa7w15t8,0db9d79b1367a54678854d2e7e5cdc96neq7p,ee3325d3dfffa1108c8783c7fbfa5a98jju0g,0.0
cba6f45915ebbd4b5404c6d357153c0adeblt,60b6adaa413ae24140e2c6c4c3042af5rbr6i,f868fb0d76a24994c6e9388f39dc949d03ckg,0.0
f186d292f4e83f70a92c97f92993f655ygqzw,a3d2de7675556553a5f08e4c88d2c228y0u88,76762a134e2de9e21c93873ed6013561z3iil,0.0
0d0d43ac593a891ce100d8202d3d72c3xsma8,1a2f4f8364d5131cd393ebd8c3ac39afyjrx6,f1d70c4035207e16c77fd6b943d80ba08kxkz,0.0
35a89119272ca55d7f602689616b58c3pebir,a3d2de7675556553a5f08e4c88d2c2280ptuw,b9db8ee662b54f76d9e3fb743ae50bc5cym83,0.0
ca0331fc37db2b251a012376f7b987fcma2jw,11ee538f71128e0c71f931c626761eb89kv4o,5c9de1da50cc32a29ffd596ae24cd2benhv4b,0.0
cad9c97e99bd5753be98edd9ad8ec8c8c7r66,a3d2de7675556553a5f08e4c88d2c228u3gih,8c7b315bb0364dcc6ee23dbd3915e325b9ww1,1.0
